parent	child	reihenfolge	hierarlvl
1	accountingtaxation	allgbwlbetrsteuer	100	0
2	accountingtaxation	allgbwlcontrolling	100	0
3	accountingtaxation	allgbwlwipruefung	100	0
4	allgbwlfinanz	gradkolleg811	492	0
5	allgdidaktikschulforschung	allgdidaktik	518	0
6	allgdidaktikschulforschung	allgdidaktikgymnasium	519	0
7	allgdidaktikschulforschung	allgdidaktikhauptschule	520	0
8	allgdidaktikschulforschung	empirischeschulforschung1	718	0
9	allgdidaktikschulforschung	empirischeschulforschung2	719	0
10	allgdidaktikschulforschung	medienpaedagogik	717	0
11	allgemeinchirurgie	gefaesschirurgie	300	0
12	allgemeinchirurgie	viszeralklinik	299	0
13	allgemeinchirurgie	viszerallabor	679	0
14	allgkinder	 paediatrischeintensivstation	100	0
15	allgkinder	allgkinderlabor	12	0
16	allgkinder	kinderchirurgie	100	0
17	allgkinder	kinderendo	4	0
18	allgkinder	kinderkardio	5	0
19	allgkinder	kindernephro	6	0
20	allgkinder	kinderneuro	7	0
21	allgkinder	kinderonkologie	8	0
22	allgkinder	kinderpneumologie	11	0
23	allgkinder	kinderpoli	2	0
24	allgkinder	kindersaeugling	3	0
25	allgkinder	kinderstation1	0	0
26	allgkinder	kinderstation2	1	0
27	allgkinder	neonatologie	9	0
28	allgkinder	neuropaediatrie	10	0
29	allgkinder	sozialpaedzentrum	100	0
30	altertum	altegesch	12	0
31	altertum	byzantinistik	13	0
32	altertum	klassphil	14	0
33	altertum	mittellatein	15	0
34	altertum	numismatik	16	0
35	altertum	papyrologie	17	0
36	anaesthesie	akutschmerzdienst	100	0
37	anaesthesie	schmerzzentrum	100	0
38	anorgchemie	materialchemie	100	0
39	apotheke	apothekemitarbeiter	701	0
40	asiatischestudien	chinastudien	100	0
41	asiatischestudien	indologie	100	0
42	asiatischestudien	japanologie	100	0
43	asta	astaohneschranken	100	0
44	asta	astastudierenohneschranken	100	0
45	augen	allgaugenheilkunde	628	0
46	augen	augenimmunologie	100	0
47	augen	netzhautchirurgie	629	0
48	augen	schielbehandlung	630	0
49	autonref	auslaenderreferat	283	0
50	autonref	behindertenreferat	285	0
51	autonref	frauenlesbenreferat	286	0
52	autonref	lesbenschwulenreferat	287	0
53	bildungsphilosophie	antropologie	505	0
54	bildungsphilosophie	erwachsenenbildung	506	0
55	bildungsphilosophie	fruehekindheit	507	0
56	bildungsphilosophie	gerontagogik	508	0
57	bildungsphilosophie	historischsystempaeda	509	0
58	bildungsphilosophie	kindheitsforschung	510	0
59	bildungsphilosophie	philpaedwissenstheorie	511	0
60	biochemiemath	biochemie	18	0
61	biochemiemath	biochemie2	420	0
62	biochemiemath	nuklearch	421	0
63	biochemiemed	dgbf	479	0
64	biochemiemed	sfb589	476	0
65	biodidaktik	botanikewf	26	0
66	biodidaktik	gesunderz	28	0
67	biodidaktik	humanbioewf	25	0
68	biodidaktik	zoologieewf	27	0
69	biologie	biobibliothek	100	0
70	biologie	biochemiemath	4	0
71	biologie	biogeschaeftsfuehrung	100	0
72	biologie	biowerkstatt	100	0
73	biologie	botanik	1	0
74	biologie	ceplasbotanik	100	0
75	biologie	entwbiologie	0	0
76	biologie	genetik	2	0
77	biologie	zoologie	3	0
78	botanik	algensammlung	100	0
79	botanik	gradkolleg306	490	0
80	cafeterien	cafeasta	35	0
81	cafeterien	cafehauptgeb	29	0
82	cafeterien	cafelfi	33	0
83	cafeterien	cafelindenthal	34	0
84	cafeterien	cafephilos	30	0
85	cafeterien	cafesemgeb	100	0
86	cafeterien	cafeub	31	0
87	cafeterien	cafezentralmena	32	0
88	chemie	anorgchemie	36	0
89	chemie	biochemiemath	39	0
90	chemie	chemikalienausgabe	100	0
91	chemie	nuklearch	40	0
92	chemie	orgachem	37	0
93	chemie	physikchemie	38	0
94	chemie	theorchemie	41	0
95	corporatedevelopment	allgbwlbetrplanung	0	0
96	corporatedevelopment	allgbwlethik	2	0
97	corporatedevelopment	allgbwlorga	1	0
98	corporatedevelopment	allgbwlpersonal	3	0
99	dekanathf	bauangelegenheitenhf	100	0
100	dermatologie	forscheming	684	0
101	dermatologie	hautklinika	543	0
102	dermatologie	hautklinikb	544	0
103	dermatologie	hautkliniklabor	686	0
104	dermatologie	hautklinikpoli	683	0
105	deutscheurosozialrecht	sozialrecht151	608	0
106	deutschsprachlit	dynamicstructuring	100	0
107	deutschsprachlit2	deutschdidaktikz212	317	0
108	deutschsprachlit2	sprachlfoerderung	100	0
109	didaktikenmathnat	biodidaktik	0	0
110	didaktikenmathnat	chemiedidaktik	1	0
111	didaktikenmathnat	didaktiksachunterricht	5	0
112	didaktikenmathnat	geogrdidaktik	2	0
113	didaktikenmathnat	matheewf	3	0
114	didaktikenmathnat	physikewf	4	0
115	englischsem	englischsemadone	100	0
116	erziehungsozwiss	allgdidaktikschulforschung	504	0
117	erziehungsozwiss	bildungsphilosophie	502	0
118	erziehungsozwiss	vergleichendebildung	514	0
119	evangtheol	evangtheolks	100	0
120	evangtheol	evangtheolwbs	100	0
121	experimed	experimedlabor	100	0
122	fachschaft	fachschaftaegyptologie	0	0
123	fachschaft	fachschaftafrikanistik	1	0
124	fachschaft	fachschaftaltertumskunde	2	0
125	fachschaft	fachschaftanglistik	3	0
126	fachschaft	fachschaftangloamerika	4	0
127	fachschaft	fachschaftarchaeologie	5	0
128	fachschaft	fachschaftbaezw	6	0
129	fachschaft	fachschaftbiodidaktik	8	0
130	fachschaft	fachschaftbiologie	7	0
131	fachschaft	fachschaftbyzantinistik	9	0
132	fachschaft	fachschaftchemie	10	0
133	fachschaft	fachschaftchemiedidaktik	11	0
134	fachschaft	fachschaftchina	12	0
135	fachschaft	fachschaftdeutschsek1	13	0
136	fachschaft	fachschaftdiplomph	14	0
137	fachschaft	fachschaftenglisch	16	0
138	fachschaft	fachschafterziehungshilfe	17	0
139	fachschaft	fachschaftethnologie	18	0
140	fachschaft	fachschafteurechtslinguistik	67	0
141	fachschaft	fachschaftevtheologie	19	0
142	fachschaft	fachschaftew	15	0
143	fachschaft	fachschaftfenno	20	0
144	fachschaft	fachschaftgeographie	21	0
145	fachschaft	fachschaftgeographiesek1	22	0
146	fachschaft	fachschaftgeologie	23	0
147	fachschaft	fachschaftgeophysik	24	0
148	fachschaft	fachschaftgermanistik	25	0
149	fachschaft	fachschaftgeschichte	26	0
150	fachschaft	fachschaftgeschichtesek1	27	0
151	fachschaft	fachschaftheilgerontologie	28	0
152	fachschaft	fachschafthoeren	29	0
153	fachschaft	fachschaftifa	30	0
154	fachschaft	fachschaftindologie	31	0
155	fachschaft	fachschaftinformationsverarbe	32	0
156	fachschaft	fachschaftintegration	33	0
157	fachschaft	fachschaftislamwissenschaft	34	0
158	fachschaft	fachschaftjapanologie	35	0
159	fachschaft	fachschaftjudaistik	36	0
160	fachschaft	fachschaftjura	37	0
161	fachschaft	fachschaftkatheologie	38	0
162	fachschaft	fachschaftklassischephil	40	0
163	fachschaft	fachschaftkoerperbehpaed	41	0
164	fachschaft	fachschaftkunstgeschichte	39	0
165	fachschaft	fachschaftkunstsek1	42	0
166	fachschaft	fachschaftkunsttherapie	43	0
167	fachschaft	fachschaftlateinamerika	44	0
168	fachschaft	fachschaftlernbehpaed	45	0
169	fachschaft	fachschaftmalaiologie	46	0
170	fachschaft	fachschaftmathematik	47	0
171	fachschaft	fachschaftmathematiksek1	48	0
172	fachschaft	fachschaftmathnat	49	0
173	fachschaft	fachschaftmedien	50	0
174	fachschaft	fachschaftmeteorologie	51	0
175	fachschaft	fachschaftmineralogie	52	0
176	fachschaft	fachschaftmusik	53	0
177	fachschaft	fachschaftmusiksek1	54	0
178	fachschaft	fachschaftmusiktherapie	55	0
179	fachschaft	fachschaftneurowissenschaften	56	0
180	fachschaft	fachschaftniederlandistik	57	0
181	fachschaft	fachschaftpaedagogik	58	0
182	fachschaft	fachschaftphil	59	0
183	fachschaft	fachschaftphilosophie	60	0
184	fachschaft	fachschaftphonetik	61	0
185	fachschaft	fachschaftphysik	62	0
186	fachschaft	fachschaftphysiksek1	63	0
187	fachschaft	fachschaftpolitik	64	0
188	fachschaft	fachschaftpolitiksek1	65	0
189	fachschaft	fachschaftpsychologie	66	0
190	fachschaft	fachschaftregionalost	68	0
191	fachschaft	fachschaftrehaezwikb	100	0
192	fachschaft	fachschaftromanistik	69	0
193	fachschaft	fachschaftskandinavistik	70	0
194	fachschaft	fachschaftslavistik	71	0
195	fachschaft	fachschaftslistelust	100	0
196	fachschaft	fachschaftsonderpaed	72	0
197	fachschaft	fachschaftsoziologie	73	0
198	fachschaft	fachschaftsprachbehinderten	75	0
199	fachschaft	fachschaftsprachwissenschaft	76	0
200	fachschaft	fachschafttextil	77	0
201	fachschaft	fachschafttheater	78	0
202	fachschaft	fachschafturundfrueh	80	0
203	fachschaft	fachschaftwiso	81	0
204	fachschaft	fachschaftzahnmedizin	82	0
205	finance	allgbwlbank	100	0
206	finance	allgbwlcf	100	0
207	finance	allgbwlfinanz	100	0
208	finance	versicherlehre	100	0
209	finanzwiss	finanzwissfuest	48	0
210	finanzwiss	finanzwisskitterer	47	0
211	forschungbzuk	forschungbzukcontainer	100	0
212	gastroenter	zentraleendoskopie	100	0
213	genetik	genetikteaching	455	0
214	genetik	gradkolleg296	489	0
215	genetik	gradschoolbio	477	0
216	genetik	gradschoolgenetics	478	0
217	genetikgruppe	ccg	410	0
218	genetikgruppe	genetik	408	0
219	genetikgruppe	humangenetik	409	0
220	geogrdidaktik	geogrdidaktikedv	314	0
221	geogrdidaktik	geogrdidaktikhuman	313	0
222	geogrinst	acacia	470	0
223	geogrinst	ahe	469	0
224	geogrinst	centerqsga	540	0
225	geogrinst	geographiehaupt	55	0
226	geogrinst	geographierund	53	0
227	geogrinst	geographiesued	54	0
228	geogrinst	raumbilder	475	0
229	geoloinst	antarktisforschung	638	0
230	geoloinst	elgygytgyn	100	0
231	geoloinst	geobibliothek	473	0
232	geoloinst	geologie	471	0
233	geoloinst	geomuseum	474	0
234	geoloinst	mineralogie	472	0
235	geophysikmeteo	eurad	58	0
236	geophysikmeteo	explorphysik	59	0
237	geophysikmeteo	geophysik	56	0
238	geophysikmeteo	impetus	60	0
239	geophysikmeteo	meteorologie	57	0
240	geowiss	geogrinst	100	0
241	geowiss	geoloinst	100	0
242	geowiss	geophysikmeteo	100	0
243	geowiss	gradschoolgeo	100	0
244	geowiss	kristall	100	0
245	geschethik	ethikforschung	100	0
246	gesellschaftsrecht	arbwirechr	620	0
247	gesellschaftsrecht	buergrbilanz	618	0
248	gesellschaftsrecht	buergrhandel	619	0
249	gesellschaftsrecht	buergrwirtschaft	617	0
250	gesundoekomed	igke2	64	0
251	gleichstellunguni	gleichstellungbib	100	0
252	gradkolleg	gradkolleg1269	483	0
253	gradkolleg	gradkolleg296	487	0
254	gradkolleg	gradkolleg306	486	0
255	gradkolleg	gradkolleg549	485	0
256	gradkolleg	gradkolleg811	484	0
257	gradkolleg	juragraduiertenschule	100	0
258	gradschool	gradschoolbio	493	0
259	gradschool	gradschoolbiological	609	0
260	gradschool	gradschoolceplas	100	0
261	gradschool	gradschoolgenetics	494	0
262	gradschool	gradschoolmito	100	0
263	gradschool	gradschoolrtg1960	100	0
264	hausdruckereiuni	hausdruckereihf	2	0
265	hausdruckereiuni	hausdruckereihg	0	0
266	hausdruckereiuni	hausdruckereiphil	1	0
267	heilpaedagogik	allgheilpaed	0	0
268	heilpaedagogik	anthropologiereha	1	0
269	heilpaedagogik	arbreha	2	0
270	heilpaedagogik	bewegungserz	3	0
271	heilpaedagogik	didaktikgehoerlose	4	0
272	heilpaedagogik	didaktikrehabilitation	5	0
273	heilpaedagogik	entwicklungsfoerderung	6	0
274	heilpaedagogik	erziehungshilfe	7	0
275	heilpaedagogik	erziehungshilfesozarbeit	8	0
276	heilpaedagogik	heilppsychiatrie	18	0
277	heilpaedagogik	konzeptionfoerderung	9	0
278	heilpaedagogik	kunsterzhp	10	0
279	heilpaedagogik	musikerzhp	12	0
280	heilpaedagogik	neurowisshpf	13	0
281	heilpaedagogik	paedagogikdidaktikgeistigbeh	15	0
282	heilpaedagogik	paedagogikmenschenbeeintr	11	0
283	heilpaedagogik	paedagogikrehabehinderung	16	0
284	heilpaedagogik	paedhoergeschaedigt	14	0
285	heilpaedagogik	paedsprachstoerungen	17	0
286	heilpaedagogik	psychohpf1	20	0
287	heilpaedagogik	psychohpf2	21	0
288	heilpaedagogik	psychohpftherapie	19	0
289	heilpaedagogik	sondererziehunglernbehindert	23	0
290	heilpaedagogik	soziologiehpf	24	0
291	heilpaedagogik	sprachbehpaed	22	0
292	herzzentrum	anaesthesie	407	0
293	herzzentrum	herzthorax	405	0
294	herzzentrum	inneremed3	404	0
295	herzzentrum	kinderkardio	406	0
296	hilfsmittelseh	hilfsmittelsehgeb107	100	0
297	hilfsmittelseh	hilfsmittelsehgeb211	100	0
298	histsem	angloamerika	65	0
299	histsem	geschpublizistik	68	0
300	histsem	histkultur	402	0
301	histsem	ibero	66	0
302	histsem	kompetenznetzlateinamerika	100	0
303	histsem	osteuropagesch	67	0
304	histsem2	geschewf	61	0
305	histsem2	histsem21	100	0
306	histsem2	philsemewf	62	0
307	hochschulgruendernetz	gruenderbuero	100	0
308	infektiologie	infektiologie1	690	0
309	infektiologie	infektiologie2	691	0
310	infektiologie	infektiologies	689	0
311	informatik	bibliothekinformatik	538	0
312	informatik	informatikjuenger	69	0
313	informatik	informatiklang	70	0
314	informatik	informatikschrader	71	0
315	informatik	informatikspeckenmeyer	72	0
316	informationsverarbeitungphil	histkultur	623	0
317	informationsverarbeitungphil	sprachlinfo	622	0
318	inneremed1	cochranehmg	12	0
319	inneremed1	deutschcll	11	0
320	inneremed1	deutschhodgkin	10	0
321	inneremed1	infektiologie	3	0
322	inneremed1	inneremed1ambulanz	1	0
323	inneremed1	inneremed1laborexpinfekt	7	0
324	inneremed1	inneremed1laborhaemonk	6	0
325	inneremed1	inneremed1laborimmun	8	0
326	inneremed1	inneremed1laborkmt	5	0
327	inneremed1	inneremed1labortumorgenetik	9	0
328	inneremed1	inneremed1privat	2	1
329	inneremed1	inneremed1stationen	0	0
330	inneremed1	klinstudienzentrum	4	0
331	inneremed1ambulanz	gerinnungsambulanz	100	0
332	inneremed3	inneremed3laborherzmuskel	100	0
333	inneremed3	inneremed3laborpneumologie	100	0
334	inneremed4	nephrologieforschungslabor	100	0
335	inneremed4	zentralenotaufnahme	100	0
336	jeanmonnet	exact	100	0
337	jeanmonnet	jeanmonnet183	681	0
338	jeanmonnet183	proteus	100	0
339	jurfak	kompetenzzentrumjura	100	0
340	katholtheol	katholtheoewf	100	0
341	katholtheol	katholtheophil	100	0
342	kindergaerten	kindergparam	454	0
343	kindergaerten	kindergph	78	0
344	kindergaerten	kindergspielland	631	0
345	kindergaerten	kindergstadt1	73	0
346	kindergaerten	kinderguni1	74	0
347	kindergaerten	kinderguni2	75	0
348	kindergaerten	kinderguni3	76	0
349	kindergaerten	kinderguni4	77	0
350	kinderguni3	kinderguni3a	495	0
351	kinderpneumologie	kindermukoviszidose	100	0
352	kinderpoli	kinderadipositas	100	0
353	kinderpoli	kinderdiabetes	100	0
354	kinderpoli	kinderendokrinologie	100	0
355	kinderpoli	kindergastro	100	0
356	kinderpoli	kinderosteologie	100	0
357	kinderpoli	kinderrheumatologie 	100	0
358	klinstudienzentrum	haematologie	465	0
359	klinstudienzentrum	infektiologie1	466	0
360	klinstudienzentrum	infektiologie2	467	0
361	klinstudienzentrum	onkologie	468	0
362	klinstudienzentruminnere1	haematologie	100	0
363	klinstudienzentruminnere1	infektiologie1	100	0
364	klinstudienzentruminnere1	infektiologie2	100	0
365	klinstudienzentruminnere1	onkologie	100	0
366	klips	klipshf	2	0
367	klips	klipsphil	1	0
368	klips	klipswiso	0	0
369	koelnerkompetenznetz	centerscientificet	100	0
370	koelnstw	bafoeg	325	0
371	koelnstw	cafeterien	320	0
372	koelnstw	ici	321	0
373	koelnstw	infopoint	322	0
374	koelnstw	koelnstwdienste	318	0
375	koelnstw	mensen	319	0
376	koelnstw	psychoberatung	324	0
377	koelnstw	rotary	326	0
378	koelnstw	schreibzentrum	480	0
379	koordstwissenschaft	kinderuni	327	0
380	koordstwissenschaft	koordstgasthoerer	328	0
381	kristall	gradkolleg549	491	0
382	kunsthist	allgkunsthist	84	0
383	kunsthist	architekturkunsthist	85	0
384	kunsthist	prometheus	731	0
385	kunsttextilmusik	kunstdidaktik	633	0
386	kunsttextilmusik	kunsttheroriez212	636	0
387	kunsttextilmusik	musikewf	635	0
388	kunsttextilmusik	textil	634	0
389	kuratoriumdialyse	kuratoriumdialysenierenzentrum	100	0
390	landespruefamt1	landespruefamt1ghr	100	0
391	landespruefamt1	landespruefamt1gyge	100	0
392	landespruefamt2	staatlpruefamt1	156	0
393	landespruefamt2	staatlpruefamt2	155	0
394	linguistik	allgsprachwiss	86	0
395	linguistik	histvs	87	0
396	linguistik	phonetik	88	0
397	linguistik	sprachlinfo	89	0
398	luftweltraumrecht	weltraumrecht	100	0
399	makrooekonomik	centermacroeconomic	100	0
400	makrooekonomik	finanzwiss	100	0
401	makrooekonomik	staatswiss11	100	0
402	makrooekonomik	staatswiss4	100	0
403	makrooekonomik	wipolsem	100	0
404	marketing	allgbwlhandel	100	0
405	marketing	allgbwlmarkenmanagement	100	0
406	marketing	marktforschg	100	0
407	matheinst	gradkolleg1269	488	0
408	mathnatfak	geowissbachelor	100	0
409	medfitreha	medfitrehajugend	687	0
410	medienrecht	buergrurheberrecht	100	0
411	medienrecht	oeffrechteuropa	100	0
412	medizinmikrobio	hygiene	93	0
413	medizinmikrobio	medizinmikrobio2	92	0
414	medizinstatistik	medizinstatistikhaupt	94	0
415	medizinstatistik	medizinstatistikinformatik	95	0
416	medsoziologie	qualitaetsentwicklungevalreha	100	0
417	mensen	mensalfi	97	0
418	mensen	mensamed	98	0
419	mensen	zentralmensa	96	0
420	mikrooekonomik	staatswiss10	100	0
421	mikrooekonomik	staatswiss13	100	0
422	mikrooekonomik	staatswiss9	100	0
423	mikrooekonomik	wisogesch	100	0
424	mtla	mtla1	99	0
425	mtla	mtla2	100	0
426	mtla	mtla3	101	0
427	mtla	mtla4	102	0
428	netzwerkmedien	filmproduktion	499	0
429	netzwerkmedien	netzwerkmediencip	103	0
430	netzwerkmedien	netzwerkmedienlern	104	0
431	netzwerkmedien	netzwerkmedienpcservice	721	0
432	neurochirurgiezentrum	neuroreha	306	0
433	neurologie	neuropsycho	100	0
434	oekologie	bonkowski	100	0
435	oekologie	oekologiegrietherbusch	100	0
436	oekologie	oekologierheinstation	100	0
437	orgachem	arbeitskreisgiernoth	100	0
438	orgachem	biokat	100	0
439	orient	arabistik	450	0
440	orient	malaiologie	451	0
441	orthopaedie	unfall	100	0
442	ostasiaseminar	chinastudien	100	0
443	ostasiaseminar	japanologie	100	0
444	parkplaetze	pbiowiss	6	0
445	parkplaetze	pchemie	5	0
446	parkplaetze	pfrangenheim	8	0
447	parkplaetze	pgronewald	9	0
448	parkplaetze	pibw	7	0
449	parkplaetze	pme66	16	0
450	parkplaetze	pme8a	11	0
451	parkplaetze	pme8g	12	0
452	parkplaetze	pmefrauenklinik	15	0
453	parkplaetze	pmeortho	13	0
454	parkplaetze	pmezahnklinik	14	0
455	parkplaetze	pmezentral	10	0
456	parkplaetze	pphysik	4	0
457	parkplaetze	punibib	3	0
458	parkplaetze	punicenter	100	0
459	parkplaetze	pwisohochhaus	1	0
460	parkplaetze	pwisotrakt	2	0
461	personalratuni	personalratuninw	123	0
462	personalratuni	personalratuniwiss	122	0
463	pflegedir	wundmanagement	100	0
464	philsem	philsem1	100	0
465	physik	biophysik	100	0
466	physik	biophysik2	100	0
467	physik	kernphysik	125	0
468	physik	physik1	126	0
469	physik	physik2	127	0
470	physik	theorphysik	124	0
471	physik1	theoretiecheastrophysik	100	0
472	physik1	theoretischeastrophysik	100	0
473	physiologie	neurophys	308	0
474	physiologie	vegetativephys	309	0
475	politwiss	internationalepolitik	680	0
476	politwiss	jeanmonnet	725	0
477	politwiss	politischetheorie	724	0
478	politwiss	vergleichendepolitikwiss	726	0
479	pools	netzwerkmediencip	10	0
480	pools	poolcip	1	0
481	pools	poolewf	8	0
482	pools	poolinformatik	5	0
483	pools	poolkiosk	4	0
484	pools	poolmed	9	0
485	pools	poolphilfl	3	0
486	pools	poolphilvl	2	0
487	pools	poolrrzkb	0	0
488	pools	poolusb	7	0
489	pools	poolwiso	6	0
490	professionalcenter	professionalcenteribw	0	0
491	professionalcenter	professionalcenterphil	1	0
492	pruefamt	diplomewf	9	0
493	pruefamt	landespruefamt1	11	0
494	pruefamt	landespruefamt2	12	0
495	pruefamt	pruefbiologieba	100	1
496	pruefamt	pruefbiologiebachelor	2	0
497	pruefamt	pruefbiologiebs	100	1
498	pruefamt	pruefbiologiediplom	0	0
499	pruefamt	pruefbiologiemed	1	1
500	pruefamt	pruefbiologiemsc	100	1
501	pruefamt	pruefchemie	2	0
502	pruefamt	pruefchemiebachelor	3	0
503	pruefamt	pruefdiplomerziehungswiss	5	0
504	pruefamt	pruefezw	4	0
505	pruefamt	pruefgeographie	6	0
506	pruefamt	pruefgeologie	7	0
507	pruefamt	pruefgeophysikmeteo	8	0
508	pruefamt	pruefgesoekonomie	23	0
509	pruefamt	pruefjura	20	0
510	pruefamt	pruefjustiz	10	0
511	pruefamt	prueflandesamtmedizin	15	0
512	pruefamt	pruefmathematik	13	0
513	pruefamt	pruefmedizin	14	0
514	pruefamt	pruefmineralogie	16	0
515	pruefamt	pruefphilfak	17	0
516	pruefamt	pruefphysik	18	0
517	pruefamt	pruefpsych	19	0
518	pruefamt	pruefregional	21	0
519	pruefamt	pruefwinformatik	24	0
520	pruefamt	pruefwiso	22	0
521	pruefamt	pruefzahnvorpruefung	25	0
522	psychiatriekind	psychiatriekindjugendstation	100	0
523	psychologie	allgpsych1	0	0
524	psychologie	allgpsycho	1	0
525	psychologie	angewandtesozialpsychologie	2	0
526	psychologie	biopsycho	100	0
527	psychologie	diffpsych	3	0
528	psychologie	entwpsych	4	0
529	psychologie	klinpsych	5	0
530	psychologie	lernentwicklungsstoerungen	6	0
531	psychologie	orgawirtschaftspsycho	100	0
532	psychologie	paedpsych	7	0
533	psychologie	paedpsych2	8	0
534	psychologie	psychdiagnostik	9	0
535	psychologie	psychmeth	10	0
536	psychologie	socialandeconomiccognition 	100	0
537	psychologie	socialandeconomiccognitioni	11	0
538	psychologie	sozialpsych1	12	0
539	psychologie	sozialpsych2	13	0
540	psychosomatik	medpsych	411	0
541	regionalesrechenzentrum	rrzkb	0	0
542	regionalesrechenzentrum	rrzkbib	100	0
543	regionalesrechenzentrum	rrzkhelp	100	0
544	regionalesrechenzentrum	rrzkinfostand	100	0
545	regionalesrechenzentrum	rrzkkiosk	5	0
546	regionalesrechenzentrum	rrzkr1	1	0
547	regionalesrechenzentrum	rrzkr2	2	0
548	regionalesrechenzentrum	rrzkr3	3	0
549	regionalesrechenzentrum	rrzkssc	100	0
550	regionalesrechenzentrum	rrzkt	4	0
551	romsem	romsem1	100	0
552	schulen	gesundheitsschule	0	0
553	schulen	lehrmasseure	4	0
554	schulen	mtla	1	0
555	schulen	orthoptik	5	0
556	schulen	physiotherapie	3	0
557	seelsorge	evangseelsorge	148	0
558	seelsorge	katholseelsorge	149	0
559	soziologie	angewsoz	291	0
560	soziologie	fachschaftsoziologie	481	0
561	soziologie	soziologiefi	290	0
562	soziologie	soziologiesem	289	0
563	soziologiefi	koelnerzfss	293	0
564	soziologiefi	soziologiefigrein	292	0
565	staatswiss	koelnlabwifo	100	0
566	staatswiss	staatswiss10	0	0
567	staatswiss	staatswiss11	1	0
568	staatswiss	staatswiss12	3	0
569	staatswiss	staatswiss13	0	0
570	staatswiss	staatswiss3	4	0
571	staatswiss	staatswiss4	5	0
572	staatswiss	staatswiss5	6	0
573	staatswiss	staatswiss6	7	0
574	staatswiss	staatswiss7	2	0
575	staatswiss	staatswiss8	9	0
576	staatswiss	staatswiss9	8	0
577	staatswiss	staatswisskoelnlabwifo	11	0
578	staatswiss	volkswirtschaftbib	10	0
579	staatswiss5	desigbehavior	100	0
580	statistik	agmedstatistik	100	0
581	statistik	mathestat	166	0
582	statistik	medizinstatistik	168	0
583	statistik	wisostat	167	0
584	strafrecht	strafrecht1	0	0
585	strafrecht	strafrecht3	1	0
586	strafrecht	strafrecht4	2	0
587	strafrecht	strafrecht5	5	0
588	strafrecht	strafrecht6	4	0
589	strafrecht	strafrecht7	3	0
590	studentverbindg	alsatia	0	0
591	studentverbindg	ascania	1	0
592	studentverbindg	asgard	2	0
593	studentverbindg	copierpresse	3	0
594	studentverbindg	francoguestphalia	4	0
595	studentverbindg	germania	5	0
596	studentverbindg	grotenburg	6	0
597	studentverbindg	hansea	7	0
598	studentverbindg	hanseaberlin	8	0
599	studentverbindg	hubertus	9	0
600	studentverbindg	leipzigsuevia	10	0
601	studentverbindg	leopoldina	11	0
602	studentverbindg	macaria	12	0
603	studentverbindg	markomanniawestmark	14	0
604	studentverbindg	merovingiazittavia	15	0
605	studentverbindg	nibelung	16	0
606	studentverbindg	rappoltstein	17	0
607	studentverbindg	rheinland	18	0
608	studentverbindg	rheinpfalz	19	0
609	studentverbindg	rheinstein	20	0
610	studentverbindg	rhenobaltia	21	0
611	studentverbindg	rhenocolonia	22	0
612	studentverbindg	silingiabreslau	23	0
613	studentverbindg	suevia	24	0
614	studentverbindg	unitas	25	0
615	studentverbindg	unitaslandshut	26	0
616	studentverbindg	vereindeutscherstudenten	27	0
617	studentverbindg	wartburg	28	0
618	studentverbindg	wingolf	29	0
619	studienberatung	studienberatunghuman	7	0
620	studienberatung	studienberatungjura	2	0
621	studienberatung	studienberatungmathnat	5	0
622	studienberatung	studienberatungmathnatdidaktik	6	0
623	studienberatung	studienberatungmedizin	4	0
624	studienberatung	studienberatungphil	3	0
625	studienberatung	studienberatungwiso	0	0
626	studienberatung	studienberatungwisolehramt	1	0
627	studienberatung	zentralstudber	8	0
628	studiendekanat	pjstartblock	100	0
629	supply	allgbwlproduktion	100	0
630	supply	allgbwlscm	100	0
631	theaterfilm	theaterfilm1	100	0
632	theaterfilm	zuckertv	496	0
633	transplantation	transplantationmerheim	175	0
634	transplantation	transplantationuni	174	0
635	ukit	klinrz0	264	0
636	ukit	klinrz1	265	0
637	ukit	klinrz2	266	0
638	ukit	klinrz3	267	0
639	ukit	klinrz4	682	0
640	unibib	deutschzentralbib	100	0
641	unibib	europdokzentrum	179	0
642	unibib	unibibchemie	180	0
643	unibib	unibibewa	177	0
644	urfrueh	afrikaforschung	181	0
645	urfrueh	heinrbarth	186	0
646	urfrueh	urfruehafrika	185	0
647	urfrueh	urfruehaltstein	182	0
648	urfrueh	urfruehdendro	183	0
649	urfrueh	urfruehmetall	452	0
650	urfrueh	urfruehreitia	453	0
651	urologie	urologielabor	298	0
652	vergleichendebildung	bildungkindheit	100	0
653	vergleichendebildung	entwlaender	517	0
654	vergleichendebildung	genderforschung	100	0
655	vergleichendebildung	historischebildungsforschung	150	0
656	vergleichendebildung	interkultur	720	0
657	vergleichendebildung	interkulturellebildung	151	0
658	vergleichendebildung	lehrlernforschung	152	0
659	vergleichendebildung	politikewf	153	0
660	vergleichendebildung	sozialwissoekonombildung	100	0
661	vergleichendebildung	soziologieewf	154	0
662	vergleichendebildung	soziologiegender	512	0
663	vergleichendebildung	vergleichendeerziehung	515	0
664	vergleichendebildung	wiwiewf	516	0
665	vergleichendepolitikwiss	vergleichendepolitikwiss1	100	0
666	verwmed	apotheke	31	0
667	verwmed	betriebsarzt	35	0
668	verwmed	datenschutzmed	32	0
669	verwmed	feuerwehr	36	0
670	verwmed	gleichstellungmed	33	0
671	verwmed	hausdruckereimed	19	2
672	verwmed	kinderguni3	37	0
673	verwmed	klinikangelegenheiten	12	1
674	verwmed	kommunikationmed	7	1
675	verwmed	krankenhaushygiene	43	0
676	verwmed	medfacilities	38	0
677	verwmed	medfitreha	40	0
678	verwmed	medizinversorgungszentrum	41	0
679	verwmed	meduniserv	39	0
680	verwmed	opmanagement	13	1
681	verwmed	schwerbehindertklinik	34	0
682	verwmed	steriserv	42	0
683	verwmed	ukit	29	0
684	verwmed	verwmed0	0	0
685	verwmed	verwmed02	8	1
686	verwmed	verwmed03	11	1
687	verwmed	verwmed04	3	2
688	verwmed	verwmed05	5	1
689	verwmed	verwmed06	6	1
690	verwmed	verwmed0entwicklung	10	1
691	verwmed	verwmed0hochschulrecht	4	2
692	verwmed	verwmed0justiziariat	2	2
693	verwmed	verwmed0recht	1	1
694	verwmed	verwmed1	14	0
695	verwmed	verwmed11	9	1
696	verwmed	verwmed12	15	1
697	verwmed	verwmed122	17	1
698	verwmed	verwmed13	16	1
699	verwmed	verwmed2	18	0
700	verwmed	verwmed3	20	0
701	verwmed	verwmed31	21	1
702	verwmed	verwmed32	22	1
703	verwmed	verwmed33	23	1
704	verwmed	verwmed34	24	1
705	verwmed	verwmed4	25	0
706	verwmed	verwmed41	26	1
707	verwmed	verwmed42	27	1
708	verwmed	verwmed43	28	1
709	verwmed	zentralbereichms	30	0
710	verwuni	akauslandsamt	9	1
711	verwuni	arbeitsumweltschutz	4	1
712	verwuni	beihilfe	23	2
713	verwuni	besonderestudien	14	1
714	verwuni	campussport	15	1
715	verwuni	datenschutzuni	5	1
716	verwuni	deutschalsfremdsprache	10	2
717	verwuni	hausdruckereiuni	21	2
718	verwuni	justitiariat	3	1
719	verwuni	kanzler	0	0
720	verwuni	marketingservices	16	1
721	verwuni	studiersekr	13	1
722	verwuni	verwuni01	1	0
723	verwuni	verwuni02	2	0
724	verwuni	verwuni024	6	1
725	verwuni	verwuni1	7	0
726	verwuni	verwuni2	11	0
727	verwuni	verwuni3	17	0
728	verwuni	verwuni31	18	1
729	verwuni	verwuni32	19	1
730	verwuni	verwuni33	20	1
731	verwuni	verwuni34	22	1
732	verwuni	verwuni4	24	0
733	verwuni	verwuni41	25	1
734	verwuni	verwuni42	26	1
735	verwuni	verwuni5	27	0
736	verwuni	verwuni51	28	1
737	verwuni	verwuni6	33	0
738	verwuni	verwuni7	100	0
739	verwuni	verwuni8	100	0
740	verwuni	zentralstudber	12	1
741	verwuni1	verwuni11	100	0
742	verwuni1	verwuni12	100	0
743	verwuni1	verwuni13	100	0
744	verwuni1	verwuni14	100	0
745	verwuni11	studienstifniess	0	0
746	verwuni4	verwuni43	100	0
747	verwuni42	verwuni421	100	0
748	verwuni44	reisekostenstelle	100	0
749	verwuni44	verwuni441	100	0
750	verwuni5	verwuni52	100	0
751	verwuni5	verwuni53	100	0
752	verwuni5	verwuni54	100	0
753	verwuni5	verwuni55	100	0
754	verwuni54	verwuni541	100	0
755	verwuni54	verwuni542	100	0
756	verwuni54	verwuni543	100	0
757	verwuni54	verwuni544	100	0
758	verwuni54	verwuni545	100	0
759	verwuni544	verwuni544park	100	0
760	verwuni6	verwuni601	100	0
761	verwuni6	verwuni61	100	0
762	verwuni6	verwuni62	100	0
763	verwuni6	verwuni63	100	0
764	verwuni63	verwuni633	100	0
765	verwuni8	verwuni81	100	0
766	verwuni8	verwuni82	100	0
767	volkswirtschaftbib	volkswirtschaftbib1	100	0
768	volkswirtschaftbib	volkswirtschaftbib2	100	0
769	wiberufspaed	wisopaed1	100	0
770	wiinfo	bibliothekinformatik	539	0
771	wiinfo	informationsmanage	535	0
772	wiinfo	informationsystems 	100	0
773	wiinfo	integrierteinformationssysteme	100	0
774	wiinfo	opresearchwi	536	0
775	wiinfo	systementw	537	0
776	wipolitik	wipolsemanderegg	100	0
777	wipolitik	wipolsemeekhoff	100	0
778	wipolsem	wipolsemanderegg	254	0
779	wisostat	wisostatbomsdorf	704	0
780	wisostat	wisostatbreitung	100	0
781	wisostat	wisostatliesenfeld	100	0
782	wisostat	wisostatmosler	705	0
783	wisostat	wisostatschmid	706	0
784	zahnmundkiefer	kieferorthopaedie	257	0
785	zahnmundkiefer	mundkgchirurgie	621	0
786	zahnmundkiefer	vorklinzahn	261	0
787	zahnmundkiefer	zahnerhaltg	260	0
788	zahnmundkiefer	zahnproth	259	0
789	zentralbereichms	bildungszentrum	624	0
790	zentrumanatomie	anatomiewodarz	100	0
791	zentrumempwiso	zentrumempwiso1	100	0
792	zentrumintbez	zentrumintbezezw	4	0
793	zentrumintbez	zentrumintbezjura	1	0
794	zentrumintbez	zentrumintbezmathnat	100	0
795	zentrumintbez	zentrumintbezmed	3	0
796	zentrumintbez	zentrumintbezphil	2	0
797	zentrumintbez	zentrumintbezwiso	0	0
798	zentrumklinischestudien	zentrumklinischestudienmedizin	100	0
799	zentrumklinischestudien	zentrumklinischestudienmethode	100	0
800	zentrumlehrerbildung	gradschulefachdidaktik	100	0
801	zentrummedienwiss	allgbwlmedien	276	0
802	zentrummedienwiss	histkultur	274	0
803	zentrummedienwiss	medienrecht	100	0
804	zentrummedienwiss	theaterfilm	273	0
805	zentrummk	zentrummkbio	3	0
806	zentrummk	zentrummkdigilab	4	0
807	zentrummk	zentrummkfg	1	0
808	zentrummk	zentrummkgs	0	0
809	zentrummk	zentrummkth	2	0
810	zoologie	expmorphologie	457	0
811	zoologie	oekologie	456	0
812	zoologie	tierphysiologie	458	0
813	zzhoersaele	zzhs00aula	0	0
814	zzhoersaele	zzhs00aula1	100	0
815	zzhoersaele	zzhs00aula2	100	0
816	zzhoersaele	zzhs01	2	0
817	zzhoersaele	zzhs02	3	0
818	zzhoersaele	zzhs05	4	0
819	zzhoersaele	zzhs06	5	0
820	zzhoersaele	zzhs07a	6	0
821	zzhoersaele	zzhs07b	7	0
822	zzhoersaele	zzhs08	10	0
823	zzhoersaele	zzhs11a	8	0
824	zzhoersaele	zzhs11b	9	0
825	zzhoersaele	zzhs12	11	0
826	zzhoersaele	zzhs13	12	0
827	zzhoersaele	zzhs17a	13	0
828	zzhoersaele	zzhs17b	14	0
829	zzhoersaele	zzhs18	15	0
830	zzhoersaele	zzhs21	16	0
831	zzhoersaele	zzhs23	17	0
832	zzhoersaele	zzhs24	18	0
833	zzhoersaele	zzhs25	19	0
834	zzhoersaele	zzhsa1	20	0
835	zzhoersaele	zzhsa2	21	0
836	zzhoersaele	zzhsb	22	0
837	zzhoersaele	zzhsc	23	0
838	zzhoersaele	zzhsd	24	0
839	zzhoersaele	zzhse	25	0
840	zzhoersaele	zzhsf	26	0
841	zzhoersaele	zzhsg	27	0
842	zzhoersaele	zzhshf1	28	0
843	zzhoersaele	zzhshf2	29	0
844	zzhoersaele	zzhshf3	30	0
845	zzhoersaele	zzhshf4	31	0
846	zzhoersaele	zzhshfaula	1	0
847	zzhoersaele	zzhshpi	32	0
848	zzhoersaele	zzhshpii	33	0
849	zzhoersaele	zzhsp52	53	0
850	zzhoersaele	zzhsp54	52	0
851	zzhoersaele	zzhsp55	54	0
852	zzhoersaele	zzhsp56	55	0
853	zzhoersaele	zzhsp57	56	0
854	zzhoersaele	zzhsp58	57	0
855	zzhoersaele	zzhsp61	58	0
856	zzhoersaele	zzhsp63	59	0
857	zzhoersaele	zzhsp65	60	0
858	zzhoersaele	zzhsp66	61	0
859	zzhoersaele	zzhsp67	62	0
860	zzhoersaele	zzhsp68	63	0
861	zzhoersaele	zzhsp69	64	0
862	zzhoersaele	zzhsp72	65	0
863	zzhoersaele	zzhsp73	66	0
864	zzhoersaele	zzhsp74	67	0
865	zzhoersaele	zzhsp75	68	0
866	zzhoersaele	zzhsp76	69	0
867	zzhoersaele	zzhsp78	70	0
868	zzhoersaele	zzhsp80	34	0
869	zzhoersaele	zzhsp81	71	0
870	zzhoersaele	zzhsp82	72	0
871	zzhoersaele	zzhsp83	73	0
872	zzhoersaele	zzhsp84	74	0
873	zzhoersaele	zzhsp85	75	0
874	zzhoersaele	zzhsp87	76	0
875	zzhoersaele	zzhsp89	77	0
876	zzhoersaele	zzhsp90	78	0
877	zzhoersaele	zzhsp91	79	0
878	zzhoersaele	zzhsp92	80	0
879	zzhoersaele	zzhsp93	81	0
880	zzhoersaele	zzhsp94	82	0
881	zzhoersaele	zzhsr103	86	0
882	zzhoersaele	zzhsr110	87	0
883	zzhoersaele	zzhsr119	88	0
884	zzhoersaele	zzhsr122	89	0
885	zzhoersaele	zzhsr134	90	0
886	zzhoersaele	zzhsr136	91	0
887	zzhoersaele	zzhsr141	92	0
888	zzhoersaele	zzhsr172	93	0
889	zzhoersaele	zzhsr201	94	0
890	zzhoersaele	zzhsr211	95	0
891	zzhoersaele	zzhsr227	96	0
892	zzhoersaele	zzhsr236	97	0
893	zzhoersaele	zzhsr254	98	0
894	zzhoersaele	zzhsr310a	99	0
895	zzhoersaele	zzhsr316	100	0
896	zzhoersaele	zzhsr323	101	0
897	zzhoersaele	zzhsr324	102	0
898	zzhoersaele	zzhsr327	103	0
899	zzhoersaele	zzhsr369	104	0
900	zzhoersaele	zzhss004	51	0
901	zzhoersaele	zzhss006	50	0
902	zzhoersaele	zzhss01	37	0
903	zzhoersaele	zzhss1	35	0
904	zzhoersaele	zzhss100	83	0
905	zzhoersaele	zzhss105	84	0
906	zzhoersaele	zzhss11	38	0
907	zzhoersaele	zzhss110	85	0
908	zzhoersaele	zzhss12	39	0
909	zzhoersaele	zzhss13	40	0
910	zzhoersaele	zzhss14	41	0
911	zzhoersaele	zzhss15	42	0
912	zzhoersaele	zzhss16	43	0
913	zzhoersaele	zzhss2	36	0
914	zzhoersaele	zzhss21	44	0
915	zzhoersaele	zzhss22	45	0
916	zzhoersaele	zzhss23	46	0
917	zzhoersaele	zzhss24	47	0
918	zzhoersaele	zzhss25	48	0
919	zzhoersaele	zzhss26	49	0
920	zzhoersaele	zzhswisofakultaetsitzungssaal	100	0
921	zzhoersaele	zzpcrz012	100	0
922	zzhoersaele	zzpcrz013	100	0
923	zzhoersaele	zzpcrz101	100	0
924	zzhoersaele	zzpcrz102	100	0
925	zzmhoersaele	zzmanahs1	10	0
926	zzmhoersaele	zzmanahs2	11	0
927	zzmhoersaele	zzmanahs3	12	0
928	zzmhoersaele	zzmlfihs1	0	0
929	zzmhoersaele	zzmlfihs2	1	0
930	zzmhoersaele	zzmlfihs3	2	0
931	zzmhoersaele	zzmlfihs4	3	0
932	zzmhoersaele	zzmlfihs5	4	0
933	zzmhoersaele	zzmlfihs6	5	0
934	zzmhoersaele	zzmlfir1	6	0
935	zzmhoersaele	zzmlfir2	7	0
936	zzmhoersaele	zzmlfir3	8	0
937	zzmhoersaele	zzmlfir4	9	0
938	zzmhoersaele	zzmmtihs1	13	0
939	zzmhoersaele	zzmmtihs2	14	0
940	zzmhoersaele	zzmmtisr1	15	0
941	zzmhoersaele	zzmpatho	100	0
942	zzmhoersaele	zzmshk1	100	0
943	zzmhoersaele	zzmshk2	100	0
944	zzmhoersaele	zzmshk3	100	0
945	zzmhoersaele	zzmshs1	100	0
946	zzmhoersaele	zzmshs2	100	0
947	zzmhoersaele	zzmshs3	100	0
948	zzmhoersaele	zzmshs4	100	0
949	zzmhoersaele	zzmshs5	100	0
950	zzmhoersaele	zzmshs6	100	0
951	zzmhoersaele	zzmsht1	100	0
952	zzmhoersaele	zzmsht2	100	0
953	zzmhoersaele	zzmsht3	100	0
954	zzmhoersaele	zzmsht4	100	0
955	zzmhoersaele	zzmshu1	100	0
956	zzmhoersaele	zzmshu2	100	0
957	zzmhoersaele	zzmshu3	100	0
958	zzmhoersaele	zzmshu4	100	0
959	zzmhoersaele	zzmshu5	100	0
960	zzmhoersaele	zzmshu6	100	0
961	zzmhoersaele	zzmshu7	100	0
962	zzmhoersaele	zzmshu8	100	0
963	zzmhoersaele	zzmshu9	100	0
964	zzmhoersaele	zzmzahnhs1	16	0
965	zzmhoersaele	zzmzahnhs2	17	0
